id,drawing_name,product_category,status,upload_date,created_at,company_name,country,notes,month,day_of_week
229,a5649 - d026a5649cb89f994f89cc36a81d8119,未分类,pending,2025-10-30 17:38:24.890130,2025-11-05 03:05:37,,,文件大小: 0.06MB,2025-10,Thursday
242,天丰报价,未分类,pending,2025-10-30 15:42:25.450321,2025-11-05 03:05:37,,,文件大小: 0.09MB,2025-10,Thursday
236,MVIMG_20251017_110714,未分类,pending,2025-10-30 15:41:08.395875,2025-11-05 03:05:37,,,文件大小: 6.61MB,2025-10,Thursday
270,SAP15490 - SAP15490 阳昶精密报价单,未分类,pending,2025-10-30 15:05:00.312027,2025-11-05 03:05:37,,,文件大小: 0.08MB,2025-10,Thursday
230,2025.10.28_WG Range with Photos Fasteners,未分类,pending,2025-10-30 08:45:10.037889,2025-11-05 03:05:37,,,文件大小: 1.43MB,2025-10,Thursday
271,00.066.243 (1)_副本,未分类,pending,2025-10-29 16:18:41.598198,2025-11-05 03:05:37,,,文件大小: 2.54MB,2025-10,Wednesday
272,00.066.243 (1),未分类,pending,2025-10-29 16:08:13.472336,2025-11-05 03:05:37,,,文件大小: 1.12MB,2025-10,Wednesday
243,MVIMG_20251017_110009,未分类,pending,2025-10-29 09:43:23.883660,2025-11-05 03:05:37,,,文件大小: 11.79MB,2025-10,Wednesday
245,MVIMG_20251017_110024,未分类,pending,2025-10-29 09:43:22.659826,2025-11-05 03:05:37,,,文件大小: 8.84MB,2025-10,Wednesday
231,MVIMG_20251017_110038,未分类,pending,2025-10-29 09:43:20.489779,2025-11-05 03:05:37,,,文件大小: 5.56MB,2025-10,Wednesday
233,MVIMG_20251017_110048,未分类,pending,2025-10-29 09:43:18.662926,2025-11-05 03:05:37,,,文件大小: 6.76MB,2025-10,Wednesday
238,MVIMG_20251017_110051,未分类,pending,2025-10-29 09:43:18.349977,2025-11-05 03:05:37,,,文件大小: 6.70MB,2025-10,Wednesday
234,MVIMG_20251017_110059,未分类,pending,2025-10-29 09:43:16.681757,2025-11-05 03:05:37,,,文件大小: 8.15MB,2025-10,Wednesday
232,MVIMG_20251017_110115,未分类,pending,2025-10-29 09:43:14.815281,2025-11-05 03:05:37,,,文件大小: 7.08MB,2025-10,Wednesday
239,MVIMG_20251017_110118,未分类,pending,2025-10-29 09:43:14.135144,2025-11-05 03:05:37,,,文件大小: 7.43MB,2025-10,Wednesday
240,MVIMG_20251017_110124,未分类,pending,2025-10-29 09:43:12.508322,2025-11-05 03:05:37,,,文件大小: 7.91MB,2025-10,Wednesday
241,MVIMG_20251017_110130,未分类,pending,2025-10-29 09:43:10.981508,2025-11-05 03:05:37,,,文件大小: 6.72MB,2025-10,Wednesday
237,MVIMG_20251017_110135,未分类,pending,2025-10-29 09:43:08.787021,2025-11-05 03:05:37,,,文件大小: 6.77MB,2025-10,Wednesday
244,MVIMG_20251017_110145,未分类,pending,2025-10-29 09:43:08.634233,2025-11-05 03:05:37,,,文件大小: 7.48MB,2025-10,Wednesday
235,MVIMG_20251017_110139,未分类,pending,2025-10-29 09:43:08.019269,2025-11-05 03:05:37,,,文件大小: 7.86MB,2025-10,Wednesday
106,R-Anchor,未分类,pending,2025-10-14 09:47:41.254636,2025-11-05 03:05:37,,,文件大小: 0.31MB,2025-10,Tuesday
107,T-Head Bolts,未分类,pending,2025-10-14 09:46:03.077784,2025-11-05 03:05:37,,,文件大小: 1.10MB,2025-10,Tuesday
286,SHD401122 - SHD401122,未分类,pending,2025-10-10 15:36:03.166945,2025-11-05 03:05:37,,,文件大小: 0.05MB,2025-10,Friday
358,天丰报价,未分类,pending,2025-10-10 08:42:54.801577,2025-11-05 03:05:37,,,文件大小: 0.08MB,2025-10,Friday
353,temp-5588 - wecom-temp-5588-22b353979551c6ead8ae9419f4ca5dc1,未分类,pending,2025-10-09 15:51:39.547698,2025-11-05 03:05:37,,,文件大小: 0.01MB,2025-10,Thursday
355,IMG_4513,未分类,pending,2025-10-09 14:18:08.110615,2025-11-05 03:05:37,,,文件大小: 0.02MB,2025-10,Thursday
357,IMG_4511,未分类,pending,2025-10-09 14:18:01.425222,2025-11-05 03:05:37,,,文件大小: 0.13MB,2025-10,Thursday
359,IMG_4508,未分类,pending,2025-10-09 14:17:56.012906,2025-11-05 03:05:37,,,文件大小: 0.25MB,2025-10,Thursday
354,IMG_4506,未分类,pending,2025-10-09 14:17:47.686374,2025-11-05 03:05:37,,,文件大小: 0.21MB,2025-10,Thursday
356,IMG_4507,未分类,pending,2025-10-09 14:17:40.185599,2025-11-05 03:05:37,,,文件大小: 0.19MB,2025-10,Thursday
352,IMG_4503,未分类,pending,2025-10-09 13:36:20.852367,2025-11-05 03:05:37,,,文件大小: 0.28MB,2025-10,Thursday
124,ACB 2920 40,未分类,pending,2025-10-07 16:07:00.000000,2025-11-05 03:05:37,,,文件大小: 0.16MB,2025-10,Tuesday
120,ACB 5030N 40,未分类,pending,2025-10-07 16:06:46.000000,2025-11-05 03:05:37,,,文件大小: 0.08MB,2025-10,Tuesday
121,ACB 2815 40,未分类,pending,2025-10-07 16:06:36.000000,2025-11-05 03:05:37,,,文件大小: 0.13MB,2025-10,Tuesday
117,ACB 3817 40,未分类,pending,2025-10-07 16:06:24.000000,2025-11-05 03:05:37,,,文件大小: 0.13MB,2025-10,Tuesday
118,ACB 3823 40,未分类,pending,2025-10-07 16:06:12.000000,2025-11-05 03:05:37,,,文件大小: 0.15MB,2025-10,Tuesday
122,ACB 4022 40,未分类,pending,2025-10-07 16:06:02.000000,2025-11-05 03:05:37,,,文件大小: 0.13MB,2025-10,Tuesday
123,ACB 4022N 40,未分类,pending,2025-10-07 16:05:51.000000,2025-11-05 03:05:37,,,文件大小: 0.14MB,2025-10,Tuesday
119,ACB 5030 40,未分类,pending,2025-10-07 16:05:41.000000,2025-11-05 03:05:37,,,文件大小: 0.15MB,2025-10,Tuesday
125,ACB 5030C 40,未分类,pending,2025-10-07 16:05:29.000000,2025-11-05 03:05:37,,,文件大小: 0.13MB,2025-10,Tuesday
108,A-6x43,未分类,pending,2025-09-30 19:13:14.000000,2025-11-05 03:05:37,,,尺寸: 6x43; 文件大小: 0.03MB,2025-09,Tuesday
109,A-8x78,未分类,pending,2025-09-30 19:12:29.000000,2025-11-05 03:05:37,,,尺寸: 8x78; 文件大小: 0.02MB,2025-09,Tuesday
116,"A-8x88,2",未分类,pending,2025-09-30 19:12:16.000000,2025-11-05 03:05:37,,,尺寸: 8x88; 文件大小: 0.03MB,2025-09,Tuesday
112,"A-9,6x103,5",未分类,pending,2025-09-30 19:11:57.000000,2025-11-05 03:05:37,,,尺寸: 6x103; 文件大小: 0.15MB,2025-09,Tuesday
111,"A-10x72,5",未分类,pending,2025-09-30 19:11:49.000000,2025-11-05 03:05:37,,,尺寸: 10x72; 文件大小: 0.03MB,2025-09,Tuesday
113,"A-10x92,2",未分类,pending,2025-09-30 19:11:42.000000,2025-11-05 03:05:37,,,尺寸: 10x92; 文件大小: 0.03MB,2025-09,Tuesday
110,A-10x99,未分类,pending,2025-09-30 19:11:34.000000,2025-11-05 03:05:37,,,尺寸: 10x99; 文件大小: 0.03MB,2025-09,Tuesday
115,"A-11x102,2",未分类,pending,2025-09-30 19:11:27.000000,2025-11-05 03:05:37,,,尺寸: 11x102; 文件大小: 0.03MB,2025-09,Tuesday
114,"A-11x149,7",未分类,pending,2025-09-30 19:10:54.000000,2025-11-05 03:05:37,,,尺寸: 11x149; 文件大小: 0.03MB,2025-09,Tuesday
349,SAP15207 - SAP15207阳昶精密制造报价单,未分类,pending,2025-09-30 15:09:37.737928,2025-11-05 03:05:37,,,文件大小: 0.07MB,2025-09,Tuesday
321,f1943 - 059f25ea36e8c3b6e92a99a6a10f1943,未分类,pending,2025-09-24 14:39:37.629847,2025-11-05 03:05:37,,,文件大小: 0.98MB,2025-09,Wednesday
325,28504185b8fd4a885cd4e42ba37db9e0,未分类,pending,2025-09-24 14:39:35.759614,2025-11-05 03:05:37,,,文件大小: 0.02MB,2025-09,Wednesday
326,a529674 - b8a529674fe4d20a7c0db17951dd23a6,未分类,pending,2025-09-24 14:39:34.355822,2025-11-05 03:05:37,,,文件大小: 0.12MB,2025-09,Wednesday
324,bcd484666 - 1ba106e0bcd484666b29af24225b0b4e,未分类,pending,2025-09-24 14:39:32.728305,2025-11-05 03:05:37,,,文件大小: 0.03MB,2025-09,Wednesday
323,d8010 - 904d6d8010dd9bd89e309a992dd34ef7,未分类,pending,2025-09-24 14:39:29.691526,2025-11-05 03:05:37,,,文件大小: 0.05MB,2025-09,Wednesday
351,GALBA 6X8,未分类,pending,2025-09-24 09:30:44.000000,2025-11-05 03:05:37,,,尺寸: 6X8; 文件大小: 0.05MB,2025-09,Wednesday
350,GALABA,未分类,pending,2025-09-24 09:30:44.000000,2025-11-05 03:05:37,,,文件大小: 0.12MB,2025-09,Wednesday
322,HEX SCREW SS304 PRICE LIST,screw,pending,2025-09-24 09:15:11.050949,2025-11-05 03:05:37,,,材料: SS; 文件大小: 1.99MB,2025-09,Wednesday
292,20250918 AYA Fasteners quote,未分类,pending,2025-09-18 11:41:07.415370,2025-11-05 03:05:37,,,文件大小: 0.08MB,2025-09,Thursday
291,SET-ANCHOR,未分类,pending,2025-09-18 11:41:04.274504,2025-11-05 03:05:37,,,文件大小: 0.05MB,2025-09,Thursday
218,G250032 - G250032,未分类,pending,2025-09-16 14:13:53.688946,2025-11-05 03:05:37,,,文件大小: 0.64MB,2025-09,Tuesday
389,膨胀,未分类,pending,2025-09-16 09:13:55.558746,2025-11-05 03:05:37,,,文件大小: 0.20MB,2025-09,Tuesday
399,1000369346,未分类,pending,2025-09-16 08:36:08.000000,2025-11-05 03:05:37,,,文件大小: 0.16MB,2025-09,Tuesday
398,1000369347,未分类,pending,2025-09-16 08:36:08.000000,2025-11-05 03:05:37,,,文件大小: 0.23MB,2025-09,Tuesday
397,1000369345,未分类,pending,2025-09-16 08:36:08.000000,2025-11-05 03:05:37,,,文件大小: 0.24MB,2025-09,Tuesday
396,1000369350,未分类,pending,2025-09-16 08:36:08.000000,2025-11-05 03:05:37,,,文件大小: 0.14MB,2025-09,Tuesday
395,1000369344,未分类,pending,2025-09-16 08:36:08.000000,2025-11-05 03:05:37,,,文件大小: 0.24MB,2025-09,Tuesday
394,1000369335,未分类,pending,2025-09-16 08:36:08.000000,2025-11-05 03:05:37,,,文件大小: 0.47MB,2025-09,Tuesday
393,1000369349,未分类,pending,2025-09-16 08:36:08.000000,2025-11-05 03:05:37,,,文件大小: 0.22MB,2025-09,Tuesday
392,1000369348,未分类,pending,2025-09-16 08:36:08.000000,2025-11-05 03:05:37,,,文件大小: 0.15MB,2025-09,Tuesday
391,1000369346,未分类,pending,2025-09-16 08:36:08.000000,2025-11-05 03:05:37,,,文件大小: 0.16MB,2025-09,Tuesday
390,1000369350,未分类,pending,2025-09-16 08:36:08.000000,2025-11-05 03:05:37,,,文件大小: 0.14MB,2025-09,Tuesday
388,1000369348,未分类,pending,2025-09-16 08:36:08.000000,2025-11-05 03:05:37,,,文件大小: 0.15MB,2025-09,Tuesday
21,Sample Photos6,未分类,pending,2025-08-26 17:22:03.873439,2025-11-05 03:05:37,,,文件大小: 0.22MB,2025-08,Tuesday
20,Sample Photos7,未分类,pending,2025-08-26 17:21:55.561351,2025-11-05 03:05:37,,,文件大小: 0.21MB,2025-08,Tuesday
24,Sample Photos1,未分类,pending,2025-08-26 17:17:05.619184,2025-11-05 03:05:37,,,文件大小: 0.10MB,2025-08,Tuesday
16,Sample Photos,未分类,pending,2025-08-26 17:17:04.790310,2025-11-05 03:05:37,,,文件大小: 0.19MB,2025-08,Tuesday
22,Sample Photos2,未分类,pending,2025-08-26 17:17:04.588058,2025-11-05 03:05:37,,,文件大小: 0.58MB,2025-08,Tuesday
23,Sample Photos3,未分类,pending,2025-08-26 17:17:04.472120,2025-11-05 03:05:37,,,文件大小: 0.45MB,2025-08,Tuesday
18,Sample Photos4,未分类,pending,2025-08-26 17:12:05.923253,2025-11-05 03:05:37,,,文件大小: 0.58MB,2025-08,Tuesday
19,Sample Photos5,未分类,pending,2025-08-26 17:11:50.069599,2025-11-05 03:05:37,,,文件大小: 0.45MB,2025-08,Tuesday
17,SAP14893 - SAP14893 阳昶精密制造报价单,未分类,pending,2025-08-26 16:56:45.226984,2025-11-05 03:05:37,,,文件大小: 0.08MB,2025-08,Tuesday
94,xx0506 - xx0506,未分类,pending,2025-08-21 08:57:20.000000,2025-11-05 03:05:37,,,文件大小: 0.08MB,2025-08,Thursday
92,xx1178 - xx1178,未分类,pending,2025-08-21 08:57:20.000000,2025-11-05 03:05:37,,,文件大小: 0.18MB,2025-08,Thursday
90,xx1056 - xx1056,未分类,pending,2025-08-21 08:57:20.000000,2025-11-05 03:05:37,,,文件大小: 0.08MB,2025-08,Thursday
88,xx0758 - xx0758,未分类,pending,2025-08-21 08:57:20.000000,2025-11-05 03:05:37,,,文件大小: 0.16MB,2025-08,Thursday
87,xx1309 - xx1309,未分类,pending,2025-08-21 08:57:20.000000,2025-11-05 03:05:37,,,文件大小: 0.16MB,2025-08,Thursday
85,xx0564 - xx0564,未分类,pending,2025-08-21 08:57:20.000000,2025-11-05 03:05:37,,,文件大小: 0.19MB,2025-08,Thursday
84,xx0438 - xx0438,未分类,pending,2025-08-21 08:57:20.000000,2025-11-05 03:05:37,,,文件大小: 0.17MB,2025-08,Thursday
82,xx0788 - xx0788,未分类,pending,2025-08-21 08:57:20.000000,2025-11-05 03:05:37,,,文件大小: 0.19MB,2025-08,Thursday
81,XX1127 - XX1127,未分类,pending,2025-08-21 08:57:20.000000,2025-11-05 03:05:37,,,文件大小: 0.18MB,2025-08,Thursday
80,xx0430 - xx0430,未分类,pending,2025-08-21 08:57:20.000000,2025-11-05 03:05:37,,,文件大小: 0.16MB,2025-08,Thursday
78,xx1100 - xx1100,未分类,pending,2025-08-21 08:57:20.000000,2025-11-05 03:05:37,,,文件大小: 0.17MB,2025-08,Thursday
76,xx0747 - xx0747,未分类,pending,2025-08-21 08:57:20.000000,2025-11-05 03:05:37,,,文件大小: 0.16MB,2025-08,Thursday
75,xx0425 - xx0425,未分类,pending,2025-08-21 08:57:20.000000,2025-11-05 03:05:37,,,文件大小: 0.16MB,2025-08,Thursday
74,xx0419 - xx0419,未分类,pending,2025-08-21 08:57:20.000000,2025-11-05 03:05:37,,,文件大小: 0.17MB,2025-08,Thursday
73,xx0805 - xx0805,未分类,pending,2025-08-21 08:57:20.000000,2025-11-05 03:05:37,,,文件大小: 0.08MB,2025-08,Thursday
72,xx1099 - xx1099,未分类,pending,2025-08-21 08:57:20.000000,2025-11-05 03:05:37,,,文件大小: 0.17MB,2025-08,Thursday
70,xx0444 - xx0444,未分类,pending,2025-08-21 08:57:20.000000,2025-11-05 03:05:37,,,文件大小: 0.16MB,2025-08,Thursday
68,xx0726 - xx0726,未分类,pending,2025-08-21 08:57:20.000000,2025-11-05 03:05:37,,,文件大小: 0.08MB,2025-08,Thursday
67,xx0874 - xx0874,未分类,pending,2025-08-21 08:57:20.000000,2025-11-05 03:05:37,,,文件大小: 0.15MB,2025-08,Thursday
66,xx0692 - xx0692,未分类,pending,2025-08-21 08:57:20.000000,2025-11-05 03:05:37,,,文件大小: 0.17MB,2025-08,Thursday
65,xx0490 - xx0490,未分类,pending,2025-08-21 08:57:20.000000,2025-11-05 03:05:37,,,文件大小: 0.17MB,2025-08,Thursday
64,xx0491 - xx0491,未分类,pending,2025-08-21 08:57:20.000000,2025-11-05 03:05:37,,,文件大小: 0.18MB,2025-08,Thursday
61,xx0455 - xx0455,未分类,pending,2025-08-21 08:57:20.000000,2025-11-05 03:05:37,,,文件大小: 0.16MB,2025-08,Thursday
59,xx0506 - xx0506,未分类,pending,2025-08-21 08:57:20.000000,2025-11-05 03:05:37,,,文件大小: 0.08MB,2025-08,Thursday
57,xx1178 - xx1178,未分类,pending,2025-08-21 08:57:20.000000,2025-11-05 03:05:37,,,文件大小: 0.18MB,2025-08,Thursday
55,xx1056 - xx1056,未分类,pending,2025-08-21 08:57:20.000000,2025-11-05 03:05:37,,,文件大小: 0.08MB,2025-08,Thursday
53,xx0758 - xx0758,未分类,pending,2025-08-21 08:57:20.000000,2025-11-05 03:05:37,,,文件大小: 0.16MB,2025-08,Thursday
52,xx1309 - xx1309,未分类,pending,2025-08-21 08:57:20.000000,2025-11-05 03:05:37,,,文件大小: 0.16MB,2025-08,Thursday
50,xx0564 - xx0564,未分类,pending,2025-08-21 08:57:20.000000,2025-11-05 03:05:37,,,文件大小: 0.19MB,2025-08,Thursday
49,xx0438 - xx0438,未分类,pending,2025-08-21 08:57:20.000000,2025-11-05 03:05:37,,,文件大小: 0.17MB,2025-08,Thursday
47,xx0788 - xx0788,未分类,pending,2025-08-21 08:57:20.000000,2025-11-05 03:05:37,,,文件大小: 0.19MB,2025-08,Thursday
46,XX1127 - XX1127,未分类,pending,2025-08-21 08:57:20.000000,2025-11-05 03:05:37,,,文件大小: 0.18MB,2025-08,Thursday
45,xx0430 - xx0430,未分类,pending,2025-08-21 08:57:20.000000,2025-11-05 03:05:37,,,文件大小: 0.16MB,2025-08,Thursday
43,xx1100 - xx1100,未分类,pending,2025-08-21 08:57:20.000000,2025-11-05 03:05:37,,,文件大小: 0.17MB,2025-08,Thursday
41,xx0747 - xx0747,未分类,pending,2025-08-21 08:57:20.000000,2025-11-05 03:05:37,,,文件大小: 0.16MB,2025-08,Thursday
40,xx0425 - xx0425,未分类,pending,2025-08-21 08:57:20.000000,2025-11-05 03:05:37,,,文件大小: 0.16MB,2025-08,Thursday
39,xx0419 - xx0419,未分类,pending,2025-08-21 08:57:20.000000,2025-11-05 03:05:37,,,文件大小: 0.17MB,2025-08,Thursday
38,xx0805 - xx0805,未分类,pending,2025-08-21 08:57:20.000000,2025-11-05 03:05:37,,,文件大小: 0.08MB,2025-08,Thursday
37,xx1099 - xx1099,未分类,pending,2025-08-21 08:57:20.000000,2025-11-05 03:05:37,,,文件大小: 0.17MB,2025-08,Thursday
35,xx0444 - xx0444,未分类,pending,2025-08-21 08:57:20.000000,2025-11-05 03:05:37,,,文件大小: 0.16MB,2025-08,Thursday
33,xx0726 - xx0726,未分类,pending,2025-08-21 08:57:20.000000,2025-11-05 03:05:37,,,文件大小: 0.08MB,2025-08,Thursday
32,xx0874 - xx0874,未分类,pending,2025-08-21 08:57:20.000000,2025-11-05 03:05:37,,,文件大小: 0.15MB,2025-08,Thursday
31,xx0692 - xx0692,未分类,pending,2025-08-21 08:57:20.000000,2025-11-05 03:05:37,,,文件大小: 0.17MB,2025-08,Thursday
30,xx0490 - xx0490,未分类,pending,2025-08-21 08:57:20.000000,2025-11-05 03:05:37,,,文件大小: 0.17MB,2025-08,Thursday
29,xx0491 - xx0491,未分类,pending,2025-08-21 08:57:20.000000,2025-11-05 03:05:37,,,文件大小: 0.18MB,2025-08,Thursday
26,xx0455 - xx0455,未分类,pending,2025-08-21 08:57:20.000000,2025-11-05 03:05:37,,,文件大小: 0.16MB,2025-08,Thursday
93,xx0305 - xx0305,未分类,pending,2025-08-21 08:57:18.000000,2025-11-05 03:05:37,,,文件大小: 0.08MB,2025-08,Thursday
91,xx0162 - xx0162,未分类,pending,2025-08-21 08:57:18.000000,2025-11-05 03:05:37,,,文件大小: 0.17MB,2025-08,Thursday
89,xx0374 - xx0374,未分类,pending,2025-08-21 08:57:18.000000,2025-11-05 03:05:37,,,文件大小: 0.08MB,2025-08,Thursday
86,xx0388 - xx0388,未分类,pending,2025-08-21 08:57:18.000000,2025-11-05 03:05:37,,,文件大小: 0.19MB,2025-08,Thursday
83,xx0366 - xx0366,未分类,pending,2025-08-21 08:57:18.000000,2025-11-05 03:05:37,,,文件大小: 0.09MB,2025-08,Thursday
79,XX0342 - XX0342,未分类,pending,2025-08-21 08:57:18.000000,2025-11-05 03:05:37,,,文件大小: 0.18MB,2025-08,Thursday
77,NHP_410_DE,未分类,pending,2025-08-21 08:57:18.000000,2025-11-05 03:05:37,,,文件大小: 1.98MB,2025-08,Thursday
71,xx0350 - xx0350,未分类,pending,2025-08-21 08:57:18.000000,2025-11-05 03:05:37,,,文件大小: 0.08MB,2025-08,Thursday
69,xx0322 - xx0322,未分类,pending,2025-08-21 08:57:18.000000,2025-11-05 03:05:37,,,文件大小: 0.09MB,2025-08,Thursday
63,OR_400_003,未分类,pending,2025-08-21 08:57:18.000000,2025-11-05 03:05:37,,,文件大小: 0.25MB,2025-08,Thursday
62,xx0293 - xx0293,未分类,pending,2025-08-21 08:57:18.000000,2025-11-05 03:05:37,,,文件大小: 0.08MB,2025-08,Thursday
60,XX0285 - XX0285,未分类,pending,2025-08-21 08:57:18.000000,2025-11-05 03:05:37,,,文件大小: 0.08MB,2025-08,Thursday
58,xx0305 - xx0305,未分类,pending,2025-08-21 08:57:18.000000,2025-11-05 03:05:37,,,文件大小: 0.08MB,2025-08,Thursday
56,xx0162 - xx0162,未分类,pending,2025-08-21 08:57:18.000000,2025-11-05 03:05:37,,,文件大小: 0.17MB,2025-08,Thursday
54,xx0374 - xx0374,未分类,pending,2025-08-21 08:57:18.000000,2025-11-05 03:05:37,,,文件大小: 0.08MB,2025-08,Thursday
51,xx0388 - xx0388,未分类,pending,2025-08-21 08:57:18.000000,2025-11-05 03:05:37,,,文件大小: 0.19MB,2025-08,Thursday
48,xx0366 - xx0366,未分类,pending,2025-08-21 08:57:18.000000,2025-11-05 03:05:37,,,文件大小: 0.09MB,2025-08,Thursday
44,XX0342 - XX0342,未分类,pending,2025-08-21 08:57:18.000000,2025-11-05 03:05:37,,,文件大小: 0.18MB,2025-08,Thursday
42,NHP_410_DE,未分类,pending,2025-08-21 08:57:18.000000,2025-11-05 03:05:37,,,文件大小: 1.98MB,2025-08,Thursday
36,xx0350 - xx0350,未分类,pending,2025-08-21 08:57:18.000000,2025-11-05 03:05:37,,,文件大小: 0.08MB,2025-08,Thursday
34,xx0322 - xx0322,未分类,pending,2025-08-21 08:57:18.000000,2025-11-05 03:05:37,,,文件大小: 0.09MB,2025-08,Thursday
28,OR_400_003,未分类,pending,2025-08-21 08:57:18.000000,2025-11-05 03:05:37,,,文件大小: 0.25MB,2025-08,Thursday
27,xx0293 - xx0293,未分类,pending,2025-08-21 08:57:18.000000,2025-11-05 03:05:37,,,文件大小: 0.08MB,2025-08,Thursday
25,XX0285 - XX0285,未分类,pending,2025-08-21 08:57:18.000000,2025-11-05 03:05:37,,,文件大小: 0.08MB,2025-08,Thursday
284,z689841 - z6898415601100_dd39958a3c8c5c3f01376c110acf36c2,未分类,pending,2025-08-12 17:00:23.000000,2025-11-05 03:05:37,,,文件大小: 0.07MB,2025-08,Tuesday
283,z689841 - z6898415044043_df6ff53da1ae4342ba51ff08ba625d43,未分类,pending,2025-08-12 17:00:22.000000,2025-11-05 03:05:37,,,文件大小: 0.03MB,2025-08,Tuesday
282,z689829 - z6898293601756_1b2346cf677943a619111f7ebdd3abfc,未分类,pending,2025-08-12 17:00:21.000000,2025-11-05 03:05:37,,,文件大小: 0.02MB,2025-08,Tuesday
186,NT 261 REV15,未分类,pending,2025-07-31 14:53:17.631008,2025-11-05 03:05:37,,,版本: V15; 文件大小: 1.14MB,2025-07,Thursday
182,NT 260 REV22,未分类,pending,2025-07-31 14:52:52.305800,2025-11-05 03:05:37,,,版本: V22; 文件大小: 1.18MB,2025-07,Thursday
185,NT 273 REV00,未分类,pending,2025-07-31 14:52:20.160543,2025-11-05 03:05:37,,,版本: V00; 文件大小: 0.65MB,2025-07,Thursday
187,NT 265 REV22,未分类,pending,2025-07-31 14:51:33.418964,2025-11-05 03:05:37,,,版本: V22; 文件大小: 1.30MB,2025-07,Thursday
183,NT 262 REV13,未分类,pending,2025-07-31 14:50:25.187717,2025-11-05 03:05:37,,,版本: V13; 文件大小: 1.19MB,2025-07,Thursday
184,NT 531 REV10,未分类,pending,2025-07-31 14:48:10.485863,2025-11-05 03:05:37,,,版本: V10; 文件大小: 0.51MB,2025-07,Thursday
178,NT 531 REV10,未分类,pending,2025-07-31 09:28:44.000000,2025-11-05 03:05:37,,,版本: V10; 文件大小: 0.19MB,2025-07,Thursday
181,NT 265 REV22,未分类,pending,2025-07-31 09:28:42.000000,2025-11-05 03:05:37,,,版本: V22; 文件大小: 0.52MB,2025-07,Thursday
180,NT 261 REV15,未分类,pending,2025-07-31 09:28:42.000000,2025-11-05 03:05:37,,,版本: V15; 文件大小: 0.52MB,2025-07,Thursday
179,NT 273 REV00,未分类,pending,2025-07-31 09:28:42.000000,2025-11-05 03:05:37,,,版本: V00; 文件大小: 1.00MB,2025-07,Thursday
177,NT 262 REV13,未分类,pending,2025-07-31 09:28:42.000000,2025-11-05 03:05:37,,,版本: V13; 文件大小: 0.54MB,2025-07,Thursday
176,NT 260 REV22,未分类,pending,2025-07-31 09:28:42.000000,2025-11-05 03:05:37,,,版本: V22; 文件大小: 0.54MB,2025-07,Thursday
135,WechatIMG145,未分类,pending,2025-07-30 08:45:10.304333,2025-11-05 03:05:37,,,文件大小: 0.18MB,2025-07,Wednesday
276,temp-62776 - wecom-temp-62776-7201165a17339a4c7f7844c05c08ba6b,未分类,pending,2025-07-22 10:10:31.038846,2025-11-05 03:05:37,,,文件大小: 0.06MB,2025-07,Tuesday
277,未命名,未分类,pending,2025-07-17 17:19:35.522493,2025-11-05 03:05:37,,,文件大小: 0.09MB,2025-07,Thursday
278,temp-69440 - wecom-temp-69440-8bdbcba8763ade617f6083492355bce0,未分类,pending,2025-07-17 17:16:01.289024,2025-11-05 03:05:37,,,文件大小: 0.07MB,2025-07,Thursday
264,SAP14353 - SAP14353阳昶报价资料,未分类,pending,2025-07-16 18:09:22.553743,2025-11-05 03:05:37,,,文件大小: 0.08MB,2025-07,Wednesday
134,WechatIMG112,未分类,pending,2025-07-11 08:11:49.543486,2025-11-05 03:05:37,,,文件大小: 0.03MB,2025-07,Friday
340,photo72,未分类,pending,2025-07-10 09:43:20.730597,2025-11-05 03:05:37,,,文件大小: 0.22MB,2025-07,Thursday
341,photo71,未分类,pending,2025-07-10 09:43:18.558140,2025-11-05 03:05:37,,,文件大小: 0.15MB,2025-07,Thursday
342,photo70,未分类,pending,2025-07-10 09:43:18.428430,2025-11-05 03:05:37,,,文件大小: 0.22MB,2025-07,Thursday
343,photo69,未分类,pending,2025-07-10 09:43:17.351079,2025-11-05 03:05:37,,,文件大小: 0.25MB,2025-07,Thursday
268,PT-1216 - 3-PT-1216 (2),未分类,pending,2025-06-30 17:45:01.145994,2025-11-05 03:05:37,,,文件大小: 1.28MB,2025-06,Monday
267,PT-1100 - 3-PT-1100,未分类,pending,2025-06-30 17:29:18.875289,2025-11-05 03:05:37,,,文件大小: 0.36MB,2025-06,Monday
266,PT-1100 - 3-PT-1100 (1) (1) (3) (2),未分类,pending,2025-06-30 17:29:18.875289,2025-11-05 03:05:37,,,文件大小: 0.36MB,2025-06,Monday
265,PT-1216 - 3-PT-1216 (2),未分类,pending,2025-06-30 17:29:17.721425,2025-11-05 03:05:37,,,文件大小: 0.64MB,2025-06,Monday
279,temp-9674 - wecom-temp-9674-6691144fbb76697ab95939c440bf05f7,未分类,pending,2025-06-16 17:33:29.380634,2025-11-05 03:05:37,,,文件大小: 0.01MB,2025-06,Monday
144,temp-424783 - wecom-temp-4247839-b700cc1826b1a4c6d676acdb57e30e84,未分类,pending,2025-06-13 14:07:22.826169,2025-11-05 03:05:37,,,文件大小: 4.05MB,2025-06,Friday
143,temp-368848 - wecom-temp-3688481-8e1a91babf065b3c3db79df0ccaef3a2,未分类,pending,2025-06-13 14:07:19.625005,2025-11-05 03:05:37,,,文件大小: 3.52MB,2025-06,Friday
137,Wood building screws79,screw,pending,2025-06-11 18:07:14.165675,2025-11-05 03:05:37,,,文件大小: 2.38MB,2025-06,Wednesday
136,Wood building screws78,screw,pending,2025-06-11 18:07:12.867158,2025-11-05 03:05:37,,,文件大小: 3.21MB,2025-06,Wednesday
138,Wood building screws77 1,screw,pending,2025-06-11 18:07:10.948865,2025-11-05 03:05:37,,,文件大小: 3.42MB,2025-06,Wednesday
141,Wood building screws76,screw,pending,2025-06-11 18:07:09.165721,2025-11-05 03:05:37,,,文件大小: 2.75MB,2025-06,Wednesday
140,Wood building screws75,screw,pending,2025-06-11 18:07:07.210426,2025-11-05 03:05:37,,,文件大小: 2.71MB,2025-06,Wednesday
139,Wood building screws74,screw,pending,2025-06-11 18:07:05.260708,2025-11-05 03:05:37,,,文件大小: 2.37MB,2025-06,Wednesday
217,样品图片,未分类,pending,2025-05-20 21:59:57.359858,2025-11-05 03:05:37,,,文件大小: 3.46MB,2025-05,Tuesday
215,样品明细,未分类,pending,2025-05-15 21:26:36.796064,2025-11-05 03:05:37,,,文件大小: 0.17MB,2025-05,Thursday
339,FJ8021 - A25FJ8021 INVOICE,未分类,pending,2025-05-15 05:55:59.108073,2025-11-05 03:05:37,,,文件大小: 0.27MB,2025-05,Thursday
189,WechatIMG11,未分类,pending,2025-05-14 11:36:24.599910,2025-11-05 03:05:37,,,文件大小: 7.68MB,2025-05,Wednesday
188,Screw M6 x 40,screw,pending,2025-05-09 10:32:51.428663,2025-11-05 03:05:37,,,文件大小: 0.19MB,2025-05,Friday
216,size,未分类,pending,2025-05-08 09:36:23.921688,2025-11-05 03:05:37,,,文件大小: 0.12MB,2025-05,Thursday
373,4.2MM X 13MM L AND 4.8MM X 13 MM L,未分类,pending,2025-05-06 09:22:46.000000,2025-11-05 03:05:37,,,文件大小: 0.03MB,2025-05,Tuesday
372,4.2MM X 13MM L AND 4.8MM X 13 MM L with neoprene washer,washer,pending,2025-05-06 09:22:46.000000,2025-11-05 03:05:37,,,文件大小: 0.08MB,2025-05,Tuesday
374,WechatIMG149,未分类,pending,2025-05-06 08:22:51.339323,2025-11-05 03:05:37,,,文件大小: 0.07MB,2025-05,Tuesday
269,2025-05-02 - Snipaste_2025-05-02_23-28-21,未分类,pending,2025-05-03 10:28:54.331401,2025-11-05 03:05:37,,,文件大小: 0.13MB,2025-05,Saturday
306,SAP13551 - SAP13551阳昶报价资料(1),未分类,pending,2025-04-29 15:24:57.235351,2025-11-05 03:05:37,,,文件大小: 0.08MB,2025-04,Tuesday
308,B926,未分类,pending,2025-04-28 09:57:52.900484,2025-11-05 03:05:37,,,文件大小: 0.23MB,2025-04,Monday
311,B905,未分类,pending,2025-04-28 09:57:37.115756,2025-11-05 03:05:37,,,文件大小: 0.15MB,2025-04,Monday
307,B925,未分类,pending,2025-04-28 09:55:19.561298,2025-11-05 03:05:37,,,文件大小: 0.18MB,2025-04,Monday
310,B921,未分类,pending,2025-04-28 09:51:31.427439,2025-11-05 03:05:37,,,文件大小: 0.16MB,2025-04,Monday
309,B909,未分类,pending,2025-04-28 09:51:29.693027,2025-11-05 03:05:37,,,文件大小: 0.11MB,2025-04,Monday
289,WechatIMG10,未分类,pending,2025-04-26 21:39:33.336298,2025-11-05 03:05:37,,,文件大小: 0.09MB,2025-04,Saturday
287,70118642087958700348,未分类,pending,2025-04-24 22:57:03.816265,2025-11-05 03:05:37,,,文件大小: 0.21MB,2025-04,Thursday
220,2025-04-23 - Snipaste_2025-04-23_21-39-45,未分类,pending,2025-04-24 08:39:54.788675,2025-11-05 03:05:37,,,文件大小: 0.03MB,2025-04,Thursday
227,CATALOGO 2025 - WAVES PLUS,未分类,pending,2025-04-24 08:39:05.863493,2025-11-05 03:05:37,,,文件大小: 27.11MB,2025-04,Thursday
219,WechatIMG938,未分类,pending,2025-04-24 07:36:28.590887,2025-11-05 03:05:37,,,文件大小: 0.05MB,2025-04,Thursday
226,WechatIMG937,未分类,pending,2025-04-24 07:36:25.913102,2025-11-05 03:05:37,,,文件大小: 0.07MB,2025-04,Thursday
225,WechatIMG936,未分类,pending,2025-04-24 07:36:23.115365,2025-11-05 03:05:37,,,文件大小: 0.07MB,2025-04,Thursday
223,WechatIMG935,未分类,pending,2025-04-24 07:36:20.030206,2025-11-05 03:05:37,,,文件大小: 0.05MB,2025-04,Thursday
228,WechatIMG934 1,未分类,pending,2025-04-24 07:31:19.590907,2025-11-05 03:05:37,,,文件大小: 0.01MB,2025-04,Thursday
224,WechatIMG934,未分类,pending,2025-04-24 07:31:19.590907,2025-11-05 03:05:37,,,文件大小: 0.01MB,2025-04,Thursday
221,WechatIMG933,未分类,pending,2025-04-24 07:31:19.154708,2025-11-05 03:05:37,,,文件大小: 0.01MB,2025-04,Thursday
222,WechatIMG931,未分类,pending,2025-04-24 07:29:50.075290,2025-11-05 03:05:37,,,文件大小: 0.03MB,2025-04,Thursday
209,产品 2-108,未分类,pending,2025-04-19 03:40:47.147925,2025-11-05 03:05:37,,,文件大小: 0.24MB,2025-04,Saturday
196,产品 2-114,未分类,pending,2025-04-19 03:40:47.117173,2025-11-05 03:05:37,,,文件大小: 0.21MB,2025-04,Saturday
208,产品 2-109,未分类,pending,2025-04-19 03:40:47.113117,2025-11-05 03:05:37,,,文件大小: 0.21MB,2025-04,Saturday
200,产品 1 ,未分类,pending,2025-04-19 03:40:47.093091,2025-11-05 03:05:37,,,文件大小: 0.20MB,2025-04,Saturday
214,产品 1,未分类,pending,2025-04-19 03:40:46.802824,2025-11-05 03:05:37,,,文件大小: 0.15MB,2025-04,Saturday
211,产品 2,未分类,pending,2025-04-19 03:40:46.730963,2025-11-05 03:05:37,,,文件大小: 0.11MB,2025-04,Saturday
199,产品 2-110,未分类,pending,2025-04-19 03:40:46.700197,2025-11-05 03:05:37,,,文件大小: 0.12MB,2025-04,Saturday
201,产品 2-112,未分类,pending,2025-04-19 03:40:46.481934,2025-11-05 03:05:37,,,文件大小: 0.10MB,2025-04,Saturday
198,产品 2-111,未分类,pending,2025-04-19 03:40:46.436682,2025-11-05 03:05:37,,,文件大小: 0.07MB,2025-04,Saturday
207,产品 1   ,未分类,pending,2025-04-19 03:40:45.319881,2025-11-05 03:05:37,,,文件大小: 0.20MB,2025-04,Saturday
202,产品 2-113,未分类,pending,2025-04-19 03:40:45.308995,2025-11-05 03:05:37,,,文件大小: 0.20MB,2025-04,Saturday
213,产品 1  ,未分类,pending,2025-04-19 03:40:45.303177,2025-11-05 03:05:37,,,文件大小: 0.20MB,2025-04,Saturday
204,产品    1,未分类,pending,2025-04-19 03:40:45.263855,2025-11-05 03:05:37,,,文件大小: 0.18MB,2025-04,Saturday
195,产品   1,未分类,pending,2025-04-19 03:40:45.205182,2025-11-05 03:05:37,,,文件大小: 0.17MB,2025-04,Saturday
212,产品 2-118,未分类,pending,2025-04-19 03:40:45.201162,2025-11-05 03:05:37,,,文件大小: 0.15MB,2025-04,Saturday
197,产品 2-115,未分类,pending,2025-04-19 03:40:45.083328,2025-11-05 03:05:37,,,文件大小: 0.15MB,2025-04,Saturday
205,产品 1    ,未分类,pending,2025-04-19 03:40:45.069436,2025-11-05 03:05:37,,,文件大小: 0.14MB,2025-04,Saturday
206,产品 1     ,未分类,pending,2025-04-19 03:40:45.011253,2025-11-05 03:05:37,,,文件大小: 0.11MB,2025-04,Saturday
194,产品 2-116,未分类,pending,2025-04-19 03:40:45.008765,2025-11-05 03:05:37,,,文件大小: 0.11MB,2025-04,Saturday
316,B905,未分类,pending,2025-04-18 21:40:16.000000,2025-11-05 03:05:37,,,文件大小: 0.08MB,2025-04,Friday
315,B921,未分类,pending,2025-04-18 21:40:16.000000,2025-11-05 03:05:37,,,文件大小: 0.08MB,2025-04,Friday
314,B909,未分类,pending,2025-04-18 21:40:16.000000,2025-11-05 03:05:37,,,文件大小: 0.06MB,2025-04,Friday
313,B926,未分类,pending,2025-04-18 21:40:16.000000,2025-11-05 03:05:37,,,文件大小: 0.09MB,2025-04,Friday
312,B925,未分类,pending,2025-04-18 21:40:16.000000,2025-11-05 03:05:37,,,文件大小: 0.07MB,2025-04,Friday
203,WechatIMG78,未分类,pending,2025-04-17 07:24:46.886263,2025-11-05 03:05:37,,,文件大小: 1.57MB,2025-04,Thursday
210,WechatIMG77,未分类,pending,2025-04-17 07:24:36.149084,2025-11-05 03:05:37,,,文件大小: 1.33MB,2025-04,Thursday
191,321744375225_.pic,未分类,pending,2025-04-11 21:11:48.084852,2025-11-05 03:05:37,,,文件大小: 0.01MB,2025-04,Friday
190,161744337780_.pic,未分类,pending,2025-04-11 10:16:20.088307,2025-11-05 03:05:37,,,文件大小: 0.07MB,2025-04,Friday
193,151744337745_.pic,未分类,pending,2025-04-11 10:15:45.312196,2025-11-05 03:05:37,,,文件大小: 0.08MB,2025-04,Friday
192,101744337675_.pic,未分类,pending,2025-04-11 10:14:36.065385,2025-11-05 03:05:37,,,文件大小: 0.08MB,2025-04,Friday
258,WechatIMG115,未分类,pending,2025-04-03 15:57:56.433750,2025-11-05 03:05:37,,,文件大小: 0.10MB,2025-04,Thursday
288,SAP13091 - SAP13091阳昶报价资料,未分类,pending,2025-04-01 10:52:53.490905,2025-11-05 03:05:37,,,文件大小: 0.09MB,2025-04,Tuesday
257,WechatIMG104,未分类,pending,2025-04-01 09:23:05.832761,2025-11-05 03:05:37,,,文件大小: 0.22MB,2025-04,Tuesday
256,plano tornillo sin marca,未分类,pending,2025-04-01 08:37:45.684217,2025-11-05 03:05:37,,,文件大小: 0.20MB,2025-04,Tuesday
383,SAP13073 - SAP13073阳昶报价资料(1),未分类,pending,2025-03-26 14:56:34.443331,2025-11-05 03:05:37,,,文件大小: 0.08MB,2025-03,Wednesday
382,4612 from AYA,未分类,pending,2025-03-26 14:56:34.299934,2025-11-05 03:05:37,,,文件大小: 0.04MB,2025-03,Wednesday
380,WD-86 ,未分类,pending,2025-03-25 15:58:18.172186,2025-11-05 03:05:37,,,文件大小: 0.06MB,2025-03,Tuesday
384,Screw 4612 ,screw,pending,2025-03-25 15:53:34.881774,2025-11-05 03:05:37,,,文件大小: 0.06MB,2025-03,Tuesday
381,4606 ,未分类,pending,2025-03-25 15:50:47.376921,2025-11-05 03:05:37,,,文件大小: 0.46MB,2025-03,Tuesday
387,Screw Av-Gad 4612 SesMo,screw,pending,2025-03-25 15:45:02.000000,2025-11-05 03:05:37,,,文件大小: 0.04MB,2025-03,Tuesday
386,WD-86 sensing probe version 6,未分类,pending,2025-03-25 15:45:02.000000,2025-11-05 03:05:37,,,文件大小: 0.07MB,2025-03,Tuesday
385,4606 Revised to 3 mm,未分类,pending,2025-03-25 15:45:02.000000,2025-11-05 03:05:37,,,文件大小: 0.13MB,2025-03,Tuesday
126,SAP12975 - SAP12975阳昶报价资料（20250321）(2),未分类,pending,2025-03-21 15:46:51.152354,2025-11-05 03:05:37,,,文件大小: 0.08MB,2025-03,Friday
105,sizes 1,未分类,pending,2025-03-20 11:48:14.824226,2025-11-05 03:05:37,,,文件大小: 0.10MB,2025-03,Thursday
127,SAP12975 - SAP12975 广东阳昶精密制造报价单,未分类,pending,2025-03-20 09:14:28.823580,2025-11-05 03:05:37,广东阳昶精密制造,中国,文件大小: 0.08MB,2025-03,Thursday
99,SAP12975 - SAP12975 广东阳昶精密制造报价单,未分类,pending,2025-03-20 09:14:28.823580,2025-11-05 03:05:37,广东阳昶精密制造,中国,文件大小: 0.08MB,2025-03,Thursday
255,9.29 程总报价,未分类,pending,2025-03-19 14:00:02.298765,2025-11-05 03:05:37,,,文件大小: 0.37MB,2025-03,Wednesday
98,1_副本,未分类,pending,2025-03-19 08:49:10.000000,2025-11-05 03:05:37,,,文件大小: 0.07MB,2025-03,Wednesday
97,3_副本,未分类,pending,2025-03-19 08:49:10.000000,2025-11-05 03:05:37,,,文件大小: 0.06MB,2025-03,Wednesday
95,2_副本,未分类,pending,2025-03-19 08:49:10.000000,2025-11-05 03:05:37,,,文件大小: 0.06MB,2025-03,Wednesday
104,sizes 3,未分类,pending,2025-03-19 08:41:27.324492,2025-11-05 03:05:37,,,文件大小: 0.16MB,2025-03,Wednesday
103,sizes 2,未分类,pending,2025-03-19 08:38:02.000000,2025-11-05 03:05:37,,,文件大小: 0.06MB,2025-03,Wednesday
102,sizes 5,未分类,pending,2025-03-19 08:38:02.000000,2025-11-05 03:05:37,,,文件大小: 0.07MB,2025-03,Wednesday
101,sizes 4,未分类,pending,2025-03-19 08:38:02.000000,2025-11-05 03:05:37,,,文件大小: 0.06MB,2025-03,Wednesday
100,LEGI fasteners,未分类,pending,2025-03-19 08:38:02.000000,2025-11-05 03:05:37,,,文件大小: 6.53MB,2025-03,Wednesday
96,LEGI fasteners-以此为准,未分类,pending,2025-03-19 08:37:44.309636,2025-11-05 03:05:37,,,文件大小: 9.54MB,2025-03,Wednesday
174,BSS242166 - HBSS242166 - Inspection Report(1),未分类,pending,2025-03-06 17:10:38.000000,2025-11-05 03:05:37,,,材料: SS; 文件大小: 9.69MB,2025-03,Thursday
175,尺寸,未分类,pending,2025-03-06 15:37:57.000000,2025-11-05 03:05:37,,,文件大小: 0.12MB,2025-03,Thursday
12,SAP12719 - SAP12719阳昶报价资料(1),未分类,pending,2025-03-06 14:25:20.000000,2025-11-05 03:05:37,,,文件大小: 0.08MB,2025-03,Thursday
363,膨胀磨具费 10W,未分类,pending,2025-03-03 09:41:10.000000,2025-11-05 03:05:37,,,文件大小: 0.03MB,2025-03,Monday
365,Ruwag - Drywall Screw Big Head,screw,pending,2025-02-25 15:07:08.000000,2025-11-05 03:05:37,,,文件大小: 0.34MB,2025-02,Tuesday
145,ae65b816-2168-427d-9d85-073073ef1b30,未分类,pending,2025-02-25 09:56:35.000000,2025-11-05 03:05:37,,,文件大小: 0.18MB,2025-02,Tuesday
364,Ruwag - Rimmed Nail-in Anchors Spec Sheet,未分类,pending,2025-02-24 15:54:18.000000,2025-11-05 03:05:37,,,文件大小: 0.38MB,2025-02,Monday
369,Ruwag - Top Speed Type 17,未分类,pending,2025-02-24 09:08:37.000000,2025-11-05 03:05:37,,,文件大小: 0.73MB,2025-02,Monday
368,Ruwag - Tek Screws,screw,pending,2025-02-24 09:08:37.000000,2025-11-05 03:05:37,,,文件大小: 0.52MB,2025-02,Monday
367,Nail in Anchors,未分类,pending,2025-02-24 09:08:37.000000,2025-11-05 03:05:37,,,文件大小: 0.75MB,2025-02,Monday
366,Chipboard Screws,screw,pending,2025-02-24 09:08:37.000000,2025-11-05 03:05:37,,,文件大小: 0.73MB,2025-02,Monday
142,Test RP,未分类,pending,2025-02-18 16:44:16.000000,2025-11-05 03:05:37,,,文件大小: 0.04MB,2025-02,Tuesday
146,SAP12243 - SAP12243 沃耳特五金科技报价资料,未分类,pending,2025-02-06 15:40:24.000000,2025-11-05 03:05:37,沃耳特五金科技,中国,文件大小: 0.08MB,2025-02,Thursday
305,邮件存档,未分类,pending,2025-02-06 14:39:14.000000,2025-11-05 03:05:37,,,文件大小: 0.18MB,2025-02,Thursday
147,Part_to_quote,未分类,pending,2025-02-06 10:15:05.000000,2025-11-05 03:05:37,,,文件大小: 0.03MB,2025-02,Thursday
148,Quotation_-_EFEKT_-_27.01_(1),未分类,pending,2025-01-28 09:11:55.000000,2025-11-05 03:05:37,,,文件大小: 0.10MB,2025-01,Tuesday
299,Sample A,未分类,pending,2025-01-22 10:10:33.000000,2025-11-05 03:05:37,,,文件大小: 3.32MB,2025-01,Wednesday
301,Sample B,未分类,pending,2025-01-22 10:10:30.000000,2025-11-05 03:05:37,,,文件大小: 3.14MB,2025-01,Wednesday
300,Sample C,未分类,pending,2025-01-22 10:10:25.000000,2025-11-05 03:05:37,,,文件大小: 2.70MB,2025-01,Wednesday
15,SAP12044 - SAP12044沃耳特五金科技报价资料,未分类,pending,2025-01-13 08:27:00.000000,2025-11-05 03:05:37,沃耳特五金科技,中国,文件大小: 0.09MB,2025-01,Monday
14,DIN 4028 M5x8 梅花头,未分类,pending,2025-01-10 10:51:23.000000,2025-11-05 03:05:37,,,尺寸: M5x8; 文件大小: 0.10MB,2025-01,Friday
13,LNO-STDB-10_Schraube,未分类,pending,2025-01-10 10:18:40.000000,2025-11-05 03:05:37,,,文件大小: 0.10MB,2025-01,Friday
11,Plåtskruv_4.8x80,未分类,pending,2025-01-10 10:07:34.000000,2025-11-05 03:05:37,,,尺寸: 8x80; 文件大小: 0.38MB,2025-01,Friday
10,不锈钢钻尾-4.8x80,未分类,pending,2025-01-10 10:07:34.000000,2025-11-05 03:05:37,,,尺寸: 8x80; 材料: 不锈钢; 文件大小: 0.38MB,2025-01,Friday
347,Nut-不锈钢材质单,nut,pending,2025-01-09 09:27:38.000000,2025-11-05 03:05:37,,,材料: 不锈钢; 文件大小: 0.21MB,2025-01,Thursday
346,Anchor-不锈钢材质单,未分类,pending,2025-01-09 09:27:31.000000,2025-11-05 03:05:37,,,材料: 不锈钢; 文件大小: 2.33MB,2025-01,Thursday
379,Din_934,未分类,pending,2025-01-07 15:29:05.000000,2025-11-05 03:05:37,,,文件大小: 0.02MB,2025-01,Tuesday
400,"天丰卷钉常规尺寸,其他尺寸",未分类,pending,2025-01-07 09:59:35.000000,2025-11-05 03:05:37,,,文件大小: 0.40MB,2025-01,Tuesday
281,Datasheet for Ubolt,未分类,pending,2025-01-03 16:12:15.000000,2025-11-05 03:05:37,,,文件大小: 2.46MB,2025-01,Friday
280,RFQ 4054 of stud bolt and Ubolt,未分类,pending,2025-01-03 14:09:14.000000,2025-11-05 03:05:37,,,文件大小: 0.24MB,2025-01,Friday
403,白盒纸盒包装,未分类,pending,2025-01-03 10:33:12.000000,2025-11-05 03:05:37,,,文件大小: 0.05MB,2025-01,Friday
402,天丰钻尾实验标准,未分类,pending,2024-12-25 17:19:33.000000,2025-11-05 03:05:37,,,文件大小: 8.39MB,2024-12,Wednesday
298,韩国报价,未分类,pending,2024-12-23 08:58:50.000000,2025-11-05 03:05:37,,,文件大小: 0.05MB,2024-12,Monday
348,钉子询单,未分类,pending,2024-12-21 10:37:14.000000,2025-11-05 03:05:37,,,文件大小: 0.06MB,2024-12,Saturday
302,SAP11702 - SAP11702沃耳特五金报价资料,未分类,pending,2024-12-17 16:30:53.000000,2025-11-05 03:05:37,,,文件大小: 0.08MB,2024-12,Tuesday
303,图纸-K,未分类,pending,2024-12-16 15:57:56.000000,2025-11-05 03:05:37,,,文件大小: 0.34MB,2024-12,Monday
304,Terminal cover screw_241216_150731,screw,pending,2024-12-16 15:29:51.000000,2025-11-05 03:05:37,,,文件大小: 0.05MB,2024-12,Monday
327,cfe8941 - 574ee0fa8cb40dde781cfe8941d57e2,未分类,pending,2024-12-12 16:46:26.000000,2025-11-05 03:05:37,,,文件大小: 0.03MB,2024-12,Thursday
297,plastic packaging,未分类,pending,2024-12-04 15:33:26.000000,2025-11-05 03:05:37,,,材料: Plastic; 文件大小: 0.60MB,2024-12,Wednesday
376,Drawing3,未分类,pending,2024-12-03 17:10:37.000000,2025-11-05 03:05:37,,,文件大小: 0.01MB,2024-12,Tuesday
375,Drawing2,未分类,pending,2024-12-03 17:10:36.000000,2025-11-05 03:05:37,,,文件大小: 0.01MB,2024-12,Tuesday
378,Drawing4,未分类,pending,2024-12-03 17:10:35.000000,2025-11-05 03:05:37,,,文件大小: 0.01MB,2024-12,Tuesday
377,Drawing1,未分类,pending,2024-12-03 17:10:35.000000,2025-11-05 03:05:37,,,文件大小: 0.01MB,2024-12,Tuesday
253,TS-1319 - TS-1319 TRACK BOLT OVAL NECK 1__ DIAMETER,未分类,pending,2024-11-26 08:56:32.000000,2025-11-05 03:05:37,,,文件大小: 0.12MB,2024-11,Tuesday
252,TS-1319 - TS-1319 TRACK BOLT OVAL NECK 1-1 8__ DIAMETER,未分类,pending,2024-11-26 08:56:32.000000,2025-11-05 03:05:37,,,文件大小: 0.08MB,2024-11,Tuesday
247,Hex Tapcon (4),未分类,pending,2024-11-20 10:58:39.000000,2025-11-05 03:05:37,,,文件大小: 0.14MB,2024-11,Wednesday
248,Hex Tapcon (3),未分类,pending,2024-11-20 10:58:36.000000,2025-11-05 03:05:37,,,文件大小: 0.11MB,2024-11,Wednesday
249,Hex Tapcon (2),未分类,pending,2024-11-20 10:58:33.000000,2025-11-05 03:05:37,,,文件大小: 0.12MB,2024-11,Wednesday
251,Hex Tapcon (1),未分类,pending,2024-11-20 10:58:30.000000,2025-11-05 03:05:37,,,文件大小: 0.13MB,2024-11,Wednesday
5,图_173163 - 企业微信截图_17316360764767,未分类,pending,2024-11-15 15:08:03.000000,2025-11-05 03:05:37,,,文件大小: 1.80MB,2024-11,Friday
3,图_173163 - 企业微信截图_17316360945201,未分类,pending,2024-11-15 15:07:30.000000,2025-11-05 03:05:37,,,文件大小: 1.92MB,2024-11,Friday
8,图_173163 - 企业微信截图_17316360972921,未分类,pending,2024-11-15 15:07:29.000000,2025-11-05 03:05:37,,,文件大小: 2.12MB,2024-11,Friday
4,图_173163 - 企业微信截图_17316360907384,未分类,pending,2024-11-15 15:07:29.000000,2025-11-05 03:05:37,,,文件大小: 1.96MB,2024-11,Friday
9,图_173163 - 企业微信截图_17316360801111,未分类,pending,2024-11-15 15:07:28.000000,2025-11-05 03:05:37,,,文件大小: 1.66MB,2024-11,Friday
6,图_173163 - 企业微信截图_17316360868155,未分类,pending,2024-11-15 15:07:27.000000,2025-11-05 03:05:37,,,文件大小: 1.90MB,2024-11,Friday
7,图_173163 - 企业微信截图_17316360723313,未分类,pending,2024-11-15 15:07:26.000000,2025-11-05 03:05:37,,,文件大小: 1.68MB,2024-11,Friday
246,微信图片_20241115092711,未分类,pending,2024-11-15 09:27:15.000000,2025-11-05 03:05:37,,,文件大小: 0.63MB,2024-11,Friday
407,内迫行业标准,未分类,pending,2024-11-12 10:02:05.000000,2025-11-05 03:05:37,,,文件大小: 0.45MB,2024-11,Tuesday
250,Screws_&_Rivets__specifications,screw,pending,2024-11-09 12:41:50.000000,2025-11-05 03:05:37,,,文件大小: 2.10MB,2024-11,Saturday
259,SAP10666 - SAP10666沃耳特五金报价资料（20241106更新）(1),未分类,pending,2024-11-06 10:58:21.000000,2025-11-05 03:05:37,,,文件大小: 0.09MB,2024-11,Wednesday
274,第一次旧报价,未分类,pending,2024-11-06 10:41:06.000000,2025-11-05 03:05:37,,,文件大小: 0.14MB,2024-11,Wednesday
275,eaec-4631 - 3d5f1cb9-eaec-4631-96c8-647666c4d7ec,未分类,pending,2024-10-29 18:09:25.000000,2025-11-05 03:05:37,,,文件大小: 0.15MB,2024-10,Tuesday
401,6.3 六角法兰带单体垫片,垫片,pending,2024-10-29 11:05:38.000000,2025-11-05 03:05:37,,,文件大小: 3.45MB,2024-10,Tuesday
405,5.5 六角法兰带单体垫片,垫片,pending,2024-10-29 11:04:50.000000,2025-11-05 03:05:37,,,文件大小: 3.64MB,2024-10,Tuesday
406,4.8 六角法兰带单体垫片,垫片,pending,2024-10-29 11:04:46.000000,2025-11-05 03:05:37,,,文件大小: 3.51MB,2024-10,Tuesday
362,RUWAG,未分类,pending,2024-10-25 14:33:19.000000,2025-11-05 03:05:37,,,文件大小: 3.92MB,2024-10,Friday
130,Reference (2),未分类,pending,2024-10-25 11:23:08.000000,2025-11-05 03:05:37,,,文件大小: 0.39MB,2024-10,Friday
133,Reference (5),未分类,pending,2024-10-25 11:22:45.000000,2025-11-05 03:05:37,,,文件大小: 4.59MB,2024-10,Friday
132,Reference (4),未分类,pending,2024-10-25 11:22:41.000000,2025-11-05 03:05:37,,,文件大小: 3.00MB,2024-10,Friday
128,Reference (6),未分类,pending,2024-10-25 11:22:37.000000,2025-11-05 03:05:37,,,文件大小: 3.53MB,2024-10,Friday
131,Reference (3),未分类,pending,2024-10-25 11:22:30.000000,2025-11-05 03:05:37,,,文件大小: 3.73MB,2024-10,Friday
129,Reference (1),未分类,pending,2024-10-25 11:22:24.000000,2025-11-05 03:05:37,,,文件大小: 4.75MB,2024-10,Friday
262,SAP10666 - 10.16- SAP10666沃耳特五金科技报价资料（奥衍精工）,未分类,pending,2024-10-16 21:19:37.000000,2025-11-05 03:05:37,沃耳特五金科技,中国,文件大小: 0.08MB,2024-10,Wednesday
273,e04438 - 1b4db1d01bbe747d7a9b3d327e04438,未分类,pending,2024-10-14 10:47:10.000000,2025-11-05 03:05:37,,,文件大小: 0.05MB,2024-10,Monday
261,图_172855 - 企业微信截图_17285530448921,未分类,pending,2024-10-12 13:45:55.000000,2025-11-05 03:05:37,,,文件大小: 0.03MB,2024-10,Saturday
260,SAP10666 - SAP10666沃耳特五金报价资料（奥衍精工）(1),未分类,pending,2024-10-12 13:33:38.000000,2025-11-05 03:05:37,,,文件大小: 0.09MB,2024-10,Saturday
254,图片1,未分类,pending,2024-09-27 09:25:15.000000,2025-11-05 03:05:37,,,文件大小: 0.02MB,2024-09,Friday
173,M8X125,未分类,pending,2024-09-25 09:36:29.000000,2025-11-05 03:05:37,,,尺寸: M8X125; 文件大小: 0.11MB,2024-09,Wednesday
171,welded screw M6X100,screw,pending,2024-09-25 09:35:47.000000,2025-11-05 03:05:37,,,尺寸: M6X100; 文件大小: 0.17MB,2024-09,Wednesday
172,M6X100,未分类,pending,2024-09-25 09:34:58.000000,2025-11-05 03:05:37,,,尺寸: M6X100; 文件大小: 0.07MB,2024-09,Wednesday
294,图_172595 - 企业微信截图_17259575881817,未分类,pending,2024-09-10 16:39:52.000000,2025-11-05 03:05:37,,,文件大小: 0.02MB,2024-09,Tuesday
293,dd508569 - dd5085690dac37b1f7830418df8bbe4(1),未分类,pending,2024-09-10 16:39:52.000000,2025-11-05 03:05:37,,,文件大小: 0.59MB,2024-09,Tuesday
360,9.3 25kg一袋价格,未分类,pending,2024-09-05 22:59:12.000000,2025-11-05 03:05:37,,,文件大小: 0.02MB,2024-09,Thursday
165,AZSA-0015 - AZSA-0015,未分类,pending,2024-09-03 22:25:46.000000,2025-11-05 03:05:37,,,文件大小: 0.07MB,2024-09,Tuesday
163,AZSA-0017 - AZSA-0017,未分类,pending,2024-09-03 22:25:24.000000,2025-11-05 03:05:37,,,文件大小: 0.10MB,2024-09,Tuesday
371,SAP10126 - SAP10126沃耳特五金报价资料(1),未分类,pending,2024-09-03 18:14:43.000000,2025-11-05 03:05:37,,,文件大小: 0.09MB,2024-09,Tuesday
150,SAP10126 - SAP10126沃耳特五金报价资料(1),未分类,pending,2024-09-03 18:14:43.000000,2025-11-05 03:05:37,,,文件大小: 0.09MB,2024-09,Tuesday
370,SCREW_240826_142158,screw,pending,2024-09-02 17:00:19.000000,2025-11-05 03:05:37,,,文件大小: 0.41MB,2024-09,Monday
159,AZBP-0017 - AZBP-0017-A,未分类,pending,2024-08-30 16:09:16.000000,2025-11-05 03:05:37,,,文件大小: 0.07MB,2024-08,Friday
158,AZBP-0015 - AZBP-0015-A,未分类,pending,2024-08-30 16:09:16.000000,2025-11-05 03:05:37,,,文件大小: 0.07MB,2024-08,Friday
157,AZIV-0023 - AZIV-0023-A,未分类,pending,2024-08-30 16:09:16.000000,2025-11-05 03:05:37,,,文件大小: 0.09MB,2024-08,Friday
156,AZIV-0031 - AZIV-0031,未分类,pending,2024-08-30 16:09:16.000000,2025-11-05 03:05:37,,,文件大小: 0.05MB,2024-08,Friday
155,AZBP-0018 - AZBP-0018-A,未分类,pending,2024-08-30 16:09:16.000000,2025-11-05 03:05:37,,,文件大小: 0.07MB,2024-08,Friday
154,AZME-0062 - AZME-0062,未分类,pending,2024-08-30 16:09:16.000000,2025-11-05 03:05:37,,,文件大小: 0.09MB,2024-08,Friday
153,AZMA-0081 - AZMA-0081,未分类,pending,2024-08-30 16:09:16.000000,2025-11-05 03:05:37,,,文件大小: 0.09MB,2024-08,Friday
152,AZBP-0032 - AZBP-0032,未分类,pending,2024-08-30 16:09:16.000000,2025-11-05 03:05:37,,,文件大小: 0.08MB,2024-08,Friday
151,AZSC-0028 - AZSC-0028-A,未分类,pending,2024-08-30 16:09:16.000000,2025-11-05 03:05:37,,,文件大小: 0.09MB,2024-08,Friday
170,AZDA-0009 - AZDA-0009,未分类,pending,2024-08-30 16:09:08.000000,2025-11-05 03:05:37,,,文件大小: 0.12MB,2024-08,Friday
169,AZSC-0031 - AZSC-0031,未分类,pending,2024-08-30 16:09:08.000000,2025-11-05 03:05:37,,,文件大小: 0.10MB,2024-08,Friday
168,AZBP-0001 - AZBP-0001,未分类,pending,2024-08-30 16:09:08.000000,2025-11-05 03:05:37,,,文件大小: 0.13MB,2024-08,Friday
167,AZDA-0087 - AZDA-0087,未分类,pending,2024-08-30 16:09:08.000000,2025-11-05 03:05:37,,,文件大小: 0.12MB,2024-08,Friday
166,AZME-0022 - AZME-0022,未分类,pending,2024-08-30 16:09:08.000000,2025-11-05 03:05:37,,,文件大小: 0.11MB,2024-08,Friday
164,AZSA-0003 - AZSA-0003,未分类,pending,2024-08-30 16:09:08.000000,2025-11-05 03:05:37,,,文件大小: 0.10MB,2024-08,Friday
162,AZIV-0016 - AZIV-0016,未分类,pending,2024-08-30 16:09:08.000000,2025-11-05 03:05:37,,,文件大小: 0.12MB,2024-08,Friday
161,AZNE-0008 - AZNE-0008,未分类,pending,2024-08-30 16:09:08.000000,2025-11-05 03:05:37,,,文件大小: 0.06MB,2024-08,Friday
160,AZVO-0020 - AZVO-0020,未分类,pending,2024-08-30 16:09:08.000000,2025-11-05 03:05:37,,,文件大小: 0.12MB,2024-08,Friday
149,screw,screw,pending,2024-08-30 16:08:38.000000,2025-11-05 03:05:37,,,文件大小: 0.10MB,2024-08,Friday
263,e760961 - de22e760961260b7c24b61e94e65e9a,未分类,pending,2024-08-27 18:15:21.000000,2025-11-05 03:05:37,,,文件大小: 0.01MB,2024-08,Tuesday
328,f061101 - 1df1cd41-3012-4d24-8b92-4a7f061101af,未分类,pending,2024-08-26 10:45:09.000000,2025-11-05 03:05:37,,,文件大小: 0.03MB,2024-08,Monday
331,e3031 - e3031b0c-e3a2-4cd0-a6d8-00d05214f408,未分类,pending,2024-08-26 10:44:42.000000,2025-11-05 03:05:37,,,文件大小: 0.03MB,2024-08,Monday
330,fc098502 - e3db0d33-13c6-4d95-92d3-fc0985028fb6,未分类,pending,2024-08-26 10:44:34.000000,2025-11-05 03:05:37,,,文件大小: 0.03MB,2024-08,Monday
332,771e87f4-9108-4fc2-b171-a21aaf1f3a3f,未分类,pending,2024-08-26 10:43:50.000000,2025-11-05 03:05:37,,,文件大小: 0.02MB,2024-08,Monday
334,fbd74550 - 638aacef-3b3d-476f-ab25-a295fbd74550,未分类,pending,2024-08-26 10:43:44.000000,2025-11-05 03:05:37,,,文件大小: 0.02MB,2024-08,Monday
329,b4015 - 50b4015e-50e5-4010-86df-5fd44906ae4e,未分类,pending,2024-08-26 10:43:34.000000,2025-11-05 03:05:37,,,文件大小: 0.03MB,2024-08,Monday
336,f03020 - 30f03020-3a28-43e1-a0e6-b10b274b19e9,未分类,pending,2024-08-26 10:42:52.000000,2025-11-05 03:05:37,,,文件大小: 0.03MB,2024-08,Monday
333,b7128 - e81f294e-c008-4845-a822-45b7128c4d53,未分类,pending,2024-08-26 10:42:47.000000,2025-11-05 03:05:37,,,文件大小: 0.02MB,2024-08,Monday
335,b916865 - a62d0e4c-6990-4070-b984-30861b916865,未分类,pending,2024-08-26 10:42:37.000000,2025-11-05 03:05:37,,,文件大小: 0.02MB,2024-08,Monday
338,ec-4585 - d98e4501-e4ec-4585-8b6d-113ca0e2c794,未分类,pending,2024-08-26 10:42:16.000000,2025-11-05 03:05:37,,,文件大小: 0.02MB,2024-08,Monday
337,c702e38f-c7f4-4577-b7d3-2e408e37ab89,未分类,pending,2024-08-26 10:42:00.000000,2025-11-05 03:05:37,,,文件大小: 0.02MB,2024-08,Monday
295,箱子尺寸,未分类,pending,2024-08-24 10:36:39.000000,2025-11-05 03:05:37,,,文件大小: 0.04MB,2024-08,Saturday
296,詢價(中文)3.5x22,未分类,pending,2024-08-24 10:36:37.000000,2025-11-05 03:05:37,,,尺寸: 5x22; 文件大小: 0.23MB,2024-08,Saturday
361,微信图片_20240819164925,未分类,pending,2024-08-19 16:49:42.000000,2025-11-05 03:05:37,,,文件大小: 0.02MB,2024-08,Monday
285,箱尺,未分类,pending,2024-08-19 09:25:11.000000,2025-11-05 03:05:37,,,文件大小: 0.29MB,2024-08,Monday
317,Angles(1),未分类,pending,2024-08-13 17:16:49.000000,2025-11-05 03:05:37,,,文件大小: 0.11MB,2024-08,Tuesday
319,برغي(1),未分类,pending,2024-08-13 17:10:25.000000,2025-11-05 03:05:37,,,文件大小: 0.10MB,2024-08,Tuesday
318,مقلوب(1),未分类,pending,2024-08-13 17:10:21.000000,2025-11-05 03:05:37,,,文件大小: 0.15MB,2024-08,Tuesday
345,APPENDIX 1 A,未分类,pending,2024-07-19 16:38:12.000000,2025-11-05 03:05:37,,,文件大小: 0.07MB,2024-07,Friday
344,Attachment_3-_Techincal_Specifications_(Reviewed),未分类,pending,2024-07-19 16:38:10.000000,2025-11-05 03:05:37,,,文件大小: 0.63MB,2024-07,Friday
320,EXPORT-EQ-19_accorn_nut_JUNE_21,nut,pending,2024-07-10 21:56:23.000000,2025-11-05 03:05:37,,,文件大小: 0.27MB,2024-07,Wednesday
408,聚美 钻尾尺寸表,未分类,pending,2024-06-28 18:24:01.000000,2025-11-05 03:05:37,,,文件大小: 4.10MB,2024-06,Friday
404,螺丝丝径对照表,螺丝,pending,2024-06-21 13:23:32.000000,2025-11-05 03:05:37,,,文件大小: 0.08MB,2024-06,Friday
2,XYZ-002-定制齿轮,定制齿轮,pending,2024-03-15 00:00:00.000000,2025-11-05 03:04:51,XYZ科技公司,中国,等待客户确认,2024-03,Friday
1,ABC-001-精密螺丝,精密螺丝,confirmed,2024-03-01 00:00:00.000000,2025-11-05 03:04:51,ABC制造有限公司,美国,客户确认版本,2024-03,Friday
290,Quotation - AYA Fasteners,未分类,pending,2024-02-23 16:20:00.000000,2025-11-05 03:05:37,,,文件大小: 0.18MB,2024-02,Friday
